dealer,price,url
hatchtoyota,101.07,https://parts.hendricktoyotaapex.com/p/__/Engine-Variable-Valve-Timing-VVT-Solenoid/3926105/153300P010.html
sunrisetoyota,101.07,https://parts.toyotaofdecatur.com/p/__/Engine-Variable-Valve-Timing-VVT-Solenoid/3926105/153300P010.html
stevinsontoyotaeast,101.07,https://parts.teamtoyotaglenmills.com/p/__/Engine-Variable-Valve-Timing-VVT-Solenoid/3926105/153300P010.html
pretoy,101.07,https://parts.rogersandrogerstoyota.com/p/__/Engine-Variable-Valve-Timing-VVT-Solenoid/3926105/153300P010.html
sheehytoyotafredericksburg,101.07,https://parts.springhilltoyota.com/p/__/Engine-Variable-Valve-Timing-VVT-Solenoid/3926105/153300P010.html
invergrovetoyota,101.07,https://parts.jimellistoyota.com/p/__/Engine-Variable-Valve-Timing-VVT-Solenoid/3926105/153300P010.html
jimcolemantoyota,101.07,https://parts.josephtoyota.com/p/__/Engine-Variable-Valve-Timing-VVT-Solenoid/3926105/153300P010.html
eastmadisontoyota,101.07,https://parts.erniepalmertoyota.com/p/__/Engine-Variable-Valve-Timing-VVT-Solenoid/3926105/153300P010.html
serratoyota,101.07,https://parts.southdadetoyota.com/p/__/Engine-Variable-Valve-Timing-VVT-Solenoid/3926105/153300P010.html
lhmtoyotalemongrove,101.07,https://parts.loyaltytoyotarichmond.com/p/__/Engine-Variable-Valve-Timing-VVT-Solenoid/3926105/153300P010.html
lithiatoyotabillings,101.07,https://parts.maderatoyota.com/p/__/Engine-Variable-Valve-Timing-VVT-Solenoid/3926105/153300P010.html
savannahtoyota,101.07,https://parts.sheehytoyotafredericksburg.com/p/__/Engine-Variable-Valve-Timing-VVT-Solenoid/3926105/153300P010.html
myalexandertoyota,101.07,https://parts.passporttoyota.com/p/__/Engine-Variable-Valve-Timing-VVT-Solenoid/3926105/153300P010.html
rosevilletoyota,101.07,https://parts.serratoyota.com/p/__/Engine-Variable-Valve-Timing-VVT-Solenoid/3926105/153300P010.html
righttoyota,101.07,https://parts.salinastoyota.com/p/__/Engine-Variable-Valve-Timing-VVT-Solenoid/3926105/153300P010.html
kingstoyota,101.07,https://parts.lewistoyota.com/p/__/Engine-Variable-Valve-Timing-VVT-Solenoid/3926105/153300P010.html
teamtoyotaglenmills,101.07,https://parts.toyotaofdeerfieldbeach.com/p/__/Engine-Variable-Valve-Timing-VVT-Solenoid/3926105/153300P010.html
puentehillstoyota,101.07,https://parts.rohrichtoyota.com/p/__/Engine-Variable-Valve-Timing-VVT-Solenoid/3926105/153300P010.html
treasurecoasttoyotaofstuart,101.07,https://parts.villagetoyota.com/p/__/Engine-Variable-Valve-Timing-VVT-Solenoid/3926105/153300P010.html
toyotaofgladstone,101.07,https://parts.toyotaofnorthmiami.com/p/__/Engine-Variable-Valve-Timing-VVT-Solenoid/3926105/153300P010.html
daytonatoyota,101.95,https://parts.delucatoyota.com/p/__/Engine-Variable-Valve-Timing-VVT-Solenoid/3926105/153300P010.html
baierltoyota,101.95,https://parts.baierltoyota.com/p/__/Engine-Variable-Valve-Timing-VVT-Solenoid/3926105/153300P010.html
darcarstoyotaoffrederick,102.83,https://parts.daytonatoyota.com/p/__/Engine-Variable-Valve-Timing-VVT-Solenoid/3926105/153300P010.html
foothillstoyota,102.83,https://parts.fredandersontoyota.com/p/__/Engine-Variable-Valve-Timing-VVT-Solenoid/3926105/153300P010.html
camelbacktoyota,103.71,https://parts.cobbcountytoyota.com/p/__/Engine-Variable-Valve-Timing-VVT-Solenoid/3926105/153300P010.html
koch33toyota,103.71,https://parts.lhmtoyotalemongrove.com/p/__/Engine-Variable-Valve-Timing-VVT-Solenoid/3926105/153300P010.html
villagetoyota,103.71,https://parts.westkendalltoyota.com/p/__/Engine-Variable-Valve-Timing-VVT-Solenoid/3926105/153300P010.html
maderatoyota,103.71,https://parts.mariettatoyota.com/p/__/Engine-Variable-Valve-Timing-VVT-Solenoid/3926105/153300P010.html
prestigetoyota-ny,103.71,https://parts.reinhardtmotors.com/p/__/Engine-Variable-Valve-Timing-VVT-Solenoid/3926105/153300P010.html
reinhardtmotors,103.71,https://parts.rosevilletoyota.com/p/__/Engine-Variable-Valve-Timing-VVT-Solenoid/3926105/153300P010.html
toyotaofwilmington,104.59,https://parts.tustintoyota.com/p/__/Engine-Variable-Valve-Timing-VVT-Solenoid/3926105/153300P010.html
schaumburgtoyota,104.59,https://parts.sierratoyota-az.com/p/__/Engine-Variable-Valve-Timing-VVT-Solenoid/3926105/153300P010.html
toyotaoflouisville,104.59,https://parts.toyotaofwilmington.com/p/__/Engine-Variable-Valve-Timing-VVT-Solenoid/3926105/153300P010.html
cobbcountytoyota,105.47,https://parts.conicellitoyotaofspringfield.com/p/__/Engine-Variable-Valve-Timing-VVT-Solenoid/3926105/153300P010.html
lewistoyota,105.47,https://parts.lithiatoyotabillings.com/p/__/Engine-Variable-Valve-Timing-VVT-Solenoid/3926105/153300P010.html
metrotoyota,105.47,https://parts.myalexandertoyota.com/p/__/Engine-Variable-Valve-Timing-VVT-Solenoid/3926105/153300P010.html
tonydivinotoyota,105.47,https://parts.toyotaofelcajon.com/p/__/Engine-Variable-Valve-Timing-VVT-Solenoid/3926105/153300P010.html
sftoyota,105.47,https://parts.sparkstoyota.com/p/__/Engine-Variable-Valve-Timing-VVT-Solenoid/3926105/153300P010.html
tustintoyota,105.47,https://parts.waldorftoyota.com/p/__/Engine-Variable-Valve-Timing-VVT-Solenoid/3926105/153300P010.html
hickorytoyota,105.47,https://parts.jimcolemantoyota.com/p/__/Engine-Variable-Valve-Timing-VVT-Solenoid/3926105/153300P010.html
mariettatoyota,105.47,https://parts.miltonrubentoyota.com/p/__/Engine-Variable-Valve-Timing-VVT-Solenoid/3926105/153300P010.html
heartlandtoyota,105.47,https://parts.hendricktoyotaconcord.com/p/__/Engine-Variable-Valve-Timing-VVT-Solenoid/3926105/153300P010.html
hamertoyota,105.47,https://parts.heartlandtoyota.com/p/__/Engine-Variable-Valve-Timing-VVT-Solenoid/3926105/153300P010.html
andrewtoyota,105.47,https://parts.andrewtoyota.com/p/__/Engine-Variable-Valve-Timing-VVT-Solenoid/3926105/153300P010.html
tvtoyota,105.47,https://parts.walkertoyota.com/p/__/Engine-Variable-Valve-Timing-VVT-Solenoid/3926105/153300P010.html
fredandersontoyota,105.47,https://parts.germaintoyotaofnaples.com/p/__/Engine-Variable-Valve-Timing-VVT-Solenoid/3926105/153300P010.html
prestigetoyota,105.47,https://parts.puentehillstoyota.com/p/__/Engine-Variable-Valve-Timing-VVT-Solenoid/3926105/153300P010.html
evanstoyota,105.47,https://parts.frankforttoyota.com/p/__/Engine-Variable-Valve-Timing-VVT-Solenoid/3926105/153300P010.html
jimellistoyota,105.47,https://parts.kerrytoyota.com/p/__/Engine-Variable-Valve-Timing-VVT-Solenoid/3926105/153300P010.html
mcgeorgetoyota,105.47,https://parts.miracletoyota.com/p/__/Engine-Variable-Valve-Timing-VVT-Solenoid/3926105/153300P010.html
kerrytoyota,106.35,https://parts.koch33toyota.com/p/__/Engine-Variable-Valve-Timing-VVT-Solenoid/3926105/153300P010.html
crowntoyota,106.35,https://parts.dandeerytoyota.com/p/__/Engine-Variable-Valve-Timing-VVT-Solenoid/3926105/153300P010.html
loyaltytoyotarichmond,107.23,https://parts.maitatoyota.com/p/__/Engine-Variable-Valve-Timing-VVT-Solenoid/3926105/153300P010.html
germaintoyotaofnaples,108.1,https://parts.hamertoyota.com/p/__/Engine-Variable-Valve-Timing-VVT-Solenoid/3926105/153300P010.html
salinastoyota,108.98,https://parts.sftoyota.com/p/__/Engine-Variable-Valve-Timing-VVT-Solenoid/3926105/153300P010.html
toyotaofelcajon,109.86,https://parts.toyotaoflouisville.com/p/__/Engine-Variable-Valve-Timing-VVT-Solenoid/3926105/153300P010.html
southdadetoyota,109.86,https://parts.stevenscreektoyota.com/p/__/Engine-Variable-Valve-Timing-VVT-Solenoid/3926105/153300P010.html
springhilltoyota,109.86,https://parts.stevinsontoyotawest.com/p/__/Engine-Variable-Valve-Timing-VVT-Solenoid/3926105/153300P010.html
stevenscreektoyota,109.86,https://parts.sunrisetoyota.com/p/__/Engine-Variable-Valve-Timing-VVT-Solenoid/3926105/153300P010.html
toyotaofdeerfieldbeach,109.86,https://parts.toyotaoflakecity.com/p/__/Engine-Variable-Valve-Timing-VVT-Solenoid/3926105/153300P010.html
toyotaofdecatur,109.86,https://parts.toyotaofgreenville.com/p/__/Engine-Variable-Valve-Timing-VVT-Solenoid/3926105/153300P010.html
355toyota,109.86,https://parts.355toyota.com/p/__/Engine-Variable-Valve-Timing-VVT-Solenoid/3926105/153300P010.html
darcarstoyotaofbaltimore,109.86,https://parts.darcarstoyotaoffrederick.com/p/__/Engine-Variable-Valve-Timing-VVT-Solenoid/3926105/153300P010.html
erniepalmertoyota,109.86,https://parts.foothillstoyota.com/p/__/Engine-Variable-Valve-Timing-VVT-Solenoid/3926105/153300P010.html
dandeerytoyota,109.86,https://parts.darcarstoyota.com/p/__/Engine-Variable-Valve-Timing-VVT-Solenoid/3926105/153300P010.html
brewerairporttoyota,109.86,https://parts.brewerairporttoyota.com/p/__/Engine-Variable-Valve-Timing-VVT-Solenoid/3926105/153300P010.html
josephtoyota,109.86,https://parts.kingstoyota.com/p/__/Engine-Variable-Valve-Timing-VVT-Solenoid/3926105/153300P010.html
conicellitoyotaofspringfield,109.86,https://parts.crowntoyota.com/p/__/Engine-Variable-Valve-Timing-VVT-Solenoid/3926105/153300P010.html
adamstoyota,109.86,https://parts.adamstoyota.com/p/__/Engine-Variable-Valve-Timing-VVT-Solenoid/3926105/153300P010.html
newboldtoyota,109.86,https://parts.prestigetoyota.com/p/__/Engine-Variable-Valve-Timing-VVT-Solenoid/3926105/153300P010.html
darcarstoyota,109.86,https://parts.darcarstoyotaofbaltimore.com/p/__/Engine-Variable-Valve-Timing-VVT-Solenoid/3926105/153300P010.html
venturatoyota,109.86,https://parts.westcoasttoyotalb.com/p/__/Engine-Variable-Valve-Timing-VVT-Solenoid/3926105/153300P010.html
maitatoyota,112.57,https://parts.metrotoyota.com/p/__/Engine-Variable-Valve-Timing-VVT-Solenoid/3926105/153300P010.html
sierratoyota-az,114.26,https://parts.stcloudtoyota.com/p/__/Engine-Variable-Valve-Timing-VVT-Solenoid/3926105/153300P010.html
deserttoyota,114.26,https://parts.eastmadisontoyota.com/p/__/Engine-Variable-Valve-Timing-VVT-Solenoid/3926105/153300P010.html
stcloudtoyota,114.26,https://parts.sullivanbrotherstoyota.com/p/__/Engine-Variable-Valve-Timing-VVT-Solenoid/3926105/153300P010.html
frankforttoyota,114.26,https://parts.ganleytoyota.com/p/__/Engine-Variable-Valve-Timing-VVT-Solenoid/3926105/153300P010.html
delucatoyota,116.01,https://parts.deserttoyota.com/p/__/Engine-Variable-Valve-Timing-VVT-Solenoid/3926105/153300P010.html
rohrichtoyota,116.89,https://parts.schaumburgtoyota.com/p/__/Engine-Variable-Valve-Timing-VVT-Solenoid/3926105/153300P010.html
toyotaofredlands,116.95,https://parts.toyotawc.com/p/__/Engine-Variable-Valve-Timing-VVT-Solenoid/3926105/153300P010.html
toyotapaloalto,116.95,https://parts.tvtoyota.com/p/__/Engine-Variable-Valve-Timing-VVT-Solenoid/3926105/153300P010.html
toyota,119.88,https://parts.toyotaofgladstone.com/p/__/Engine-Variable-Valve-Timing-VVT-Solenoid/3926105/153300P010.html
toyotaofnorthmiami,119.88,https://parts.toyotapaloalto.com/p/__/Engine-Variable-Valve-Timing-VVT-Solenoid/3926105/153300P010.html
elmoretoyota,123.05,https://parts.evanstoyota.com/p/__/Engine-Variable-Valve-Timing-VVT-Solenoid/3926105/153300P010.html
oxmoortoyota,124.26,https://parts.prestigetoyota-ny.com/p/__/Engine-Variable-Valve-Timing-VVT-Solenoid/3926105/153300P010.html
toyotaofgreenville,124.26,https://parts.toyotaofredlands.com/p/__/Engine-Variable-Valve-Timing-VVT-Solenoid/3926105/153300P010.html
toyotawc,124.26,https://parts.venturatoyota.com/p/__/Engine-Variable-Valve-Timing-VVT-Solenoid/3926105/153300P010.html
rogersandrogerstoyota,127.44,https://parts.savannahtoyota.com/p/__/Engine-Variable-Valve-Timing-VVT-Solenoid/3926105/153300P010.html
sparkstoyota,131.57,https://parts.stevinsontoyotaeast.com/p/__/Engine-Variable-Valve-Timing-VVT-Solenoid/3926105/153300P010.html
ganleytoyota,131.57,https://parts.greenstoyotaoflexington.com/p/__/Engine-Variable-Valve-Timing-VVT-Solenoid/3926105/153300P010.html
miltonrubentoyota,145.02,https://parts.newboldtoyota.com/p/__/Engine-Variable-Valve-Timing-VVT-Solenoid/3926105/153300P010.html
passporttoyota,146.19,https://parts.pretoy.com/p/__/Engine-Variable-Valve-Timing-VVT-Solenoid/3926105/153300P010.html
sullivanbrotherstoyota,146.19,https://parts.toyota.com/p/__/Engine-Variable-Valve-Timing-VVT-Solenoid/3926105/153300P010.html
stevinsontoyotawest,146.19,https://parts.tonydivinotoyota.com/p/__/Engine-Variable-Valve-Timing-VVT-Solenoid/3926105/153300P010.html
toyotaofscranton,146.19,https://parts.treasurecoasttoyotaofstuart.com/p/__/Engine-Variable-Valve-Timing-VVT-Solenoid/3926105/153300P010.html
buttetoyota,146.19,https://parts.buttetoyota.com/p/__/Engine-Variable-Valve-Timing-VVT-Solenoid/3926105/153300P010.html
greenstoyotaoflexington,146.19,https://parts.hatchtoyota.com/p/__/Engine-Variable-Valve-Timing-VVT-Solenoid/3926105/153300P010.html
hendricktoyotaapex,146.19,https://parts.hickorytoyota.com/p/__/Engine-Variable-Valve-Timing-VVT-Solenoid/3926105/153300P010.html
brownstoyota,146.19,https://parts.brownstoyota.com/p/__/Engine-Variable-Valve-Timing-VVT-Solenoid/3926105/153300P010.html
hendricktoyotaconcord,146.19,https://parts.invergrovetoyota.com/p/__/Engine-Variable-Valve-Timing-VVT-Solenoid/3926105/153300P010.html
miracletoyota,146.19,https://parts.oxmoortoyota.com/p/__/Engine-Variable-Valve-Timing-VVT-Solenoid/3926105/153300P010.html
toyotaoflakecity,146.19,https://parts.toyotaofscranton.com/p/__/Engine-Variable-Valve-Timing-VVT-Solenoid/3926105/153300P010.html
earnhardttoyota,146.19,https://parts.elmoretoyota.com/p/__/Engine-Variable-Valve-Timing-VVT-Solenoid/3926105/153300P010.html
